county,precinct,congressional_district,democrats_in_precinct,apportionment_clause,delegates,alternates
Carson City,101,2,440,(h),9,5
Carson City,103,2,382,(h),8,4
Carson City,105,2,307,(h),6,3
Carson City,107,2,342,(h),7,4
Carson City,109,2,496,(h),10,5
Carson City,111,2,670,(h),13,7
Carson City,113,2,454,(h),9,5
Carson City,201,2,426,(h),9,5
Carson City,203,2,583,(h),12,6
Carson City,205,2,563,(h),11,6
Carson City,207,2,473,(h),9,5
Carson City,209,2,342,(h),7,4
Carson City,211,2,258,(h),5,3
Carson City,301,2,375,(h),8,4
Carson City,303,2,341,(h),7,4
Carson City,305,2,361,(h),7,4
Carson City,307,2,839,(h),17,9
Carson City,309,2,406,(h),8,4
Carson City,401,2,383,(h),8,4
Carson City,403,2,629,(h),13,7
Carson City,405,2,497,(h),10,5
Carson City,407,2,413,(h),8,4
Carson City,409,2,489,(h),10,5
Carson City,411,2,187,(h),4,2
Carson City,997,2,2,293.133.3,1,1
Carson City,998,2,0,293.133.3,1,1
Churchill,1,2,189,(f),6,3
Churchill,2,2,231,(f),8,4
Churchill,3,2,157,(f),5,3
Churchill,4,2,182,(f),6,3
Churchill,5,2,161,(f),5,3
Churchill,6,2,125,(f),4,2
Churchill,7,2,139,(f),5,3
Churchill,8,2,95,(f),3,2
Churchill,9,2,99,(f),3,2
Churchill,10,2,153,(f),5,3
Churchill,11,2,154,(f),5,3
Churchill,12,2,59,(f),2,1
Churchill,13,2,65,(f),2,1
Churchill,14,2,101,(f),3,2
Churchill,15,2,98,(f),3,2
Churchill,16,2,185,(f),6,3
Churchill,17,2,202,(f),7,4
Churchill,18,2,206,(f),7,4
Churchill,19,2,96,(f),3,2
Clark,1038,1,149,(h),3,2
Clark,1039,1,271,(h),5,3
Clark,1063,3,540,(h),11,6
Clark,1067,3,42,(h),1,1
Clark,1072,3,104,(h),2,1
Clark,1074,3,650,(h),13,7
Clark,1137,3,493,(h),10,5
Clark,1302,3,989,(h),20,10
Clark,1303,3,657,(h),13,7
Clark,1304,3,676,(h),14,7
Clark,1307,3,741,(h),15,8
Clark,1309,3,1,293.133.3,1,1
Clark,1318,3,775,(h),16,8
Clark,1327,3,944,(h),19,10
Clark,1328,3,765,(h),15,8
Clark,1330,3,724,(h),14,7
Clark,1331,3,852,(h),17,9
Clark,1332,3,315,(h),6,3
Clark,1333,3,525,(h),11,6
Clark,1334,3,699,(h),14,7
Clark,1335,3,591,(h),12,6
Clark,1336,3,663,(h),13,7
Clark,1337,3,830,(h),17,9
Clark,1340,3,1016,(h),20,10
Clark,1341,3,661,(h),13,7
Clark,1342,3,504,(h),10,5
Clark,1343,3,365,(h),7,4
Clark,1344,3,351,(h),7,4
Clark,1345,3,314,(h),6,3
Clark,1346,3,522,(h),10,5
Clark,1348,3,692,(h),14,7
Clark,1349,3,724,(h),14,7
Clark,1351,3,655,(h),13,7
Clark,1352,3,645,(h),13,7
Clark,1353,3,1131,(h),23,12
Clark,1354,3,447,(h),9,5
Clark,1356,3,879,(h),18,9
Clark,1361,3,0,293.133.3,1,1
Clark,1363,3,1,293.133.3,1,1
Clark,1365,3,6,293.133.3,1,1
Clark,1367,3,897,(h),18,9
Clark,1368,3,902,(h),18,9
Clark,1370,3,0,293.133.3,1,1
Clark,1371,3,3,293.133.3,1,1
Clark,1374,3,2,293.133.3,1,1
Clark,1375,3,0,293.133.3,1,1
Clark,1376,3,0,293.133.3,1,1
Clark,1377,3,3,293.133.3,1,1
Clark,1378,3,1,293.133.3,1,1
Clark,1379,3,0,293.133.3,1,1
Clark,1380,3,0,293.133.3,1,1
Clark,1381,3,0,293.133.3,1,1
Clark,1382,3,0,293.133.3,1,1
Clark,1384,3,752,(h),15,8
Clark,1385,3,0,293.133.3,1,1
Clark,1386,3,1,293.133.3,1,1
Clark,1387,3,0,293.133.3,1,1
Clark,1389,3,428,(h),9,5
Clark,1390,3,1057,(h),21,11
Clark,1391,3,797,(h),16,8
Clark,1394,3,466,(h),9,5
Clark,1395,3,390,(h),8,4
Clark,1396,3,497,(h),10,5
Clark,1410,3,637,(h),13,7
Clark,1411,3,493,(h),10,5
Clark,1509,3,486,(h),10,5
Clark,1510,3,235,(h),5,3
Clark,1511,3,402,(h),8,4
Clark,1513,3,495,(h),10,5
Clark,1514,3,523,(h),10,5
Clark,1517,3,286,(h),6,3
Clark,1518,3,423,(h),8,4
Clark,1519,3,100,(h),2,1
Clark,1520,3,286,(h),6,3
Clark,1521,3,302,(h),6,3
Clark,1525,3,500,(h),10,5
Clark,1528,3,605,(h),12,6
Clark,1533,3,0,293.133.3,1,1
Clark,1543,3,0,293.133.3,1,1
Clark,1550,3,328,(h),7,4
Clark,1552,3,328,(h),7,4
Clark,1553,3,0,293.133.3,1,1
Clark,1601,3,542,(h),11,6
Clark,1602,3,586,(h),12,6
Clark,1603,3,505,(h),10,5
Clark,1604,3,521,(h),10,5
Clark,1605,1,585,(h),12,6
Clark,1606,3,195,(h),4,2
Clark,1607,3,100,(h),2,1
Clark,1608,3,486,(h),10,5
Clark,1609,3,813,(h),16,8
Clark,1611,1,761,(h),15,8
Clark,1612,1,740,(h),15,8
Clark,1613,1,467,(h),9,5
Clark,1614,1,468,(h),9,5
Clark,1615,1,547,(h),11,6
Clark,1616,1,421,(h),8,4
Clark,1617,1,646,(h),13,7
Clark,1618,3,652,(h),13,7
Clark,1619,3,898,(h),18,9
Clark,1621,1,594,(h),12,6
Clark,1623,1,264,(h),5,3
Clark,1624,1,319,(h),6,3
Clark,1625,1,450,(h),9,5
Clark,1631,1,724,(h),14,7
Clark,1632,1,420,(h),8,4
Clark,1633,1,981,(h),20,10
Clark,1634,1,709,(h),14,7
Clark,1635,1,519,(h),10,5
Clark,1641,1,528,(h),11,6
Clark,1642,1,467,(h),9,5
Clark,1643,1,170,(h),3,2
Clark,1644,3,1,293.133.3,1,1
Clark,1645,1,194,(h),4,2
Clark,1651,3,173,(h),3,2
Clark,1652,1,971,(h),19,10
Clark,1653,1,907,(h),18,9
Clark,1655,1,947,(h),19,10
Clark,1661,1,772,(h),15,8
Clark,1662,1,638,(h),13,7
Clark,1664,1,395,(h),8,4
Clark,1665,1,1,293.133.3,1,1
Clark,1668,3,902,(h),18,9
Clark,1669,3,264,(h),5,3
Clark,1670,3,615,(h),12,6
Clark,1671,3,5,293.133.3,1,1
Clark,1672,3,598,(h),12,6
Clark,1673,3,0,293.133.3,1,1
Clark,1674,3,392,(h),8,4
Clark,1675,3,438,(h),9,5
Clark,1676,3,271,(h),5,3
Clark,1677,3,477,(h),10,5
Clark,1678,3,361,(h),7,4
Clark,1679,3,467,(h),9,5
Clark,1680,3,789,(h),16,8
Clark,1681,3,13,293.133.3,1,1
Clark,1682,3,665,(h),13,7
Clark,1683,3,862,(h),17,9
Clark,1684,3,147,(h),3,2
Clark,1685,3,7,293.133.3,1,1
Clark,1686,3,342,(h),7,4
Clark,1687,3,591,(h),12,6
Clark,1688,3,469,(h),9,5
Clark,1689,3,513,(h),10,5
Clark,1691,3,0,293.133.3,1,1
Clark,1692,3,47,(h),1,1
Clark,1693,3,173,(h),3,2
Clark,1694,3,0,293.133.3,1,1
Clark,1695,3,515,(h),10,5
Clark,1702,3,619,(h),12,6
Clark,1703,3,850,(h),17,9
Clark,1704,3,460,(h),9,5
Clark,1711,3,0,293.133.3,1,1
Clark,1712,3,865,(h),17,9
Clark,1713,3,465,(h),9,5
Clark,1715,3,297,(h),6,3
Clark,1717,3,434,(h),9,5
Clark,1718,3,505,(h),10,5
Clark,1719,3,378,(h),8,4
Clark,1720,3,383,(h),8,4
Clark,1721,3,416,(h),8,4
Clark,1722,3,237,(h),5,3
Clark,1727,3,769,(h),15,8
Clark,1732,3,77,(h),2,1
Clark,1750,3,428,(h),9,5
Clark,1751,3,326,(h),7,4
Clark,1753,3,58,(h),1,1
Clark,1903,3,0,293.133.3,1,1
Clark,1905,3,0,293.133.3,1,1
Clark,1906,3,0,293.133.3,1,1
Clark,1907,3,0,293.133.3,1,1
Clark,1908,3,0,293.133.3,1,1
Clark,1909,3,0,293.133.3,1,1
Clark,1912,3,0,293.133.3,1,1
Clark,1915,3,0,293.133.3,1,1
Clark,1917,3,0,293.133.3,1,1
Clark,1918,3,0,293.133.3,1,1
Clark,1919,3,0,293.133.3,1,1
Clark,1920,3,0,293.133.3,1,1
Clark,1921,3,0,293.133.3,1,1
Clark,1922,3,0,293.133.3,1,1
Clark,1923,3,0,293.133.3,1,1
Clark,1924,3,0,293.133.3,1,1
Clark,1925,3,0,293.133.3,1,1
Clark,1926,3,0,293.133.3,1,1
Clark,1928,3,0,293.133.3,1,1
Clark,1929,3,0,293.133.3,1,1
Clark,1930,3,0,293.133.3,1,1
Clark,1935,3,0,293.133.3,1,1
Clark,1940,3,0,293.133.3,1,1
Clark,1943,3,0,293.133.3,1,1
Clark,1946,3,0,293.133.3,1,1
Clark,1959,3,0,293.133.3,1,1
Clark,1960,3,0,293.133.3,1,1
Clark,1964,3,0,293.133.3,1,1
Clark,2008,4,578,(h),12,6
Clark,2037,4,584,(h),12,6
Clark,2044,4,657,(h),13,7
Clark,2078,4,0,293.133.3,1,1
Clark,2126,4,329,(h),7,4
Clark,2352,4,382,(h),8,4
Clark,2353,4,368,(h),7,4
Clark,2354,4,392,(h),8,4
Clark,2356,4,0,293.133.3,1,1
Clark,2360,4,1158,(h),23,12
Clark,2366,4,781,(h),16,8
Clark,2371,4,584,(h),12,6
Clark,2372,4,743,(h),15,8
Clark,2373,4,453,(h),9,5
Clark,2380,4,784,(h),16,8
Clark,2381,4,912,(h),18,9
Clark,2382,4,1008,(h),20,10
Clark,2383,4,981,(h),20,10
Clark,2384,4,907,(h),18,9
Clark,2385,4,544,(h),11,6
Clark,2386,4,863,(h),17,9
Clark,2387,4,1204,(h),24,12
Clark,2390,4,767,(h),15,8
Clark,2391,4,392,(h),8,4
Clark,2392,4,566,(h),11,6
Clark,2393,4,916,(h),18,9
Clark,2394,4,1125,(h),23,12
Clark,2399,4,964,(h),19,10
Clark,2400,4,1426,(h),29,15
Clark,2401,4,4,293.133.3,1,1
Clark,2405,4,0,293.133.3,1,1
Clark,2406,4,2,293.133.3,1,1
Clark,2407,4,5,293.133.3,1,1
Clark,2408,4,2,293.133.3,1,1
Clark,2409,4,1070,(h),21,11
Clark,2417,4,261,(h),5,3
Clark,2430,4,955,(h),19,10
Clark,2436,4,0,293.133.3,1,1
Clark,2440,4,621,(h),12,6
Clark,2444,4,171,(h),3,2
Clark,2445,4,0,293.133.3,1,1
Clark,2446,4,824,(h),16,8
Clark,2447,4,2,293.133.3,1,1
Clark,2449,4,855,(h),17,9
Clark,2456,4,675,(h),14,7
Clark,2457,4,884,(h),18,9
Clark,2458,4,0,293.133.3,1,1
Clark,2463,4,1345,(h),27,14
Clark,2464,4,950,(h),19,10
Clark,2465,4,425,(h),9,5
Clark,2466,4,477,(h),10,5
Clark,2468,4,0,293.133.3,1,1
Clark,2469,4,108,(h),2,1
Clark,2473,4,93,(h),2,1
Clark,2476,4,198,(h),4,2
Clark,2477,4,194,(h),4,2
Clark,2478,4,0,293.133.3,1,1
Clark,2479,4,1058,(h),21,11
Clark,2480,4,825,(h),17,9
Clark,2481,4,1149,(h),23,12
Clark,2483,4,1338,(h),27,14
Clark,2484,4,723,(h),14,7
Clark,2486,4,0,293.133.3,1,1
Clark,2487,4,0,293.133.3,1,1
Clark,2488,4,0,293.133.3,1,1
Clark,2489,4,0,293.133.3,1,1
Clark,2500,4,509,(h),10,5
Clark,2501,4,10,293.133.3,1,1
Clark,2503,4,3,293.133.3,1,1
Clark,2600,4,531,(h),11,6
Clark,2601,4,9,293.133.3,1,1
Clark,2602,4,56,(h),1,1
Clark,2603,4,470,(h),9,5
Clark,2604,4,482,(h),10,5
Clark,2605,4,431,(h),9,5
Clark,2606,4,611,(h),12,6
Clark,2607,4,828,(h),17,9
Clark,2608,4,0,293.133.3,1,1
Clark,2609,4,1,293.133.3,1,1
Clark,2611,4,757,(h),15,8
Clark,2612,4,0,293.133.3,1,1
Clark,2613,4,594,(h),12,6
Clark,2614,4,490,(h),10,5
Clark,2615,4,445,(h),9,5
Clark,2616,4,438,(h),9,5
Clark,2617,4,506,(h),10,5
Clark,2621,4,600,(h),12,6
Clark,2622,4,415,(h),8,4
Clark,2623,4,0,293.133.3,1,1
Clark,2624,4,301,(h),6,3
Clark,2625,4,0,293.133.3,1,1
Clark,2631,4,8,293.133.3,1,1
Clark,2632,4,7,293.133.3,1,1
Clark,2633,4,259,(h),5,3
Clark,2634,4,325,(h),7,4
Clark,2635,4,576,(h),12,6
Clark,2640,4,0,293.133.3,1,1
Clark,2641,4,8,293.133.3,1,1
Clark,2642,4,23,293.133.3,1,1
Clark,2643,4,540,(h),11,6
Clark,2644,4,340,(h),7,4
Clark,2645,4,35,(h),1,1
Clark,2646,4,0,293.133.3,1,1
Clark,2650,4,392,(h),8,4
Clark,2651,4,217,(h),4,2
Clark,2652,4,846,(h),17,9
Clark,2653,4,486,(h),10,5
Clark,2654,4,365,(h),7,4
Clark,2655,4,336,(h),7,4
Clark,2660,4,315,(h),6,3
Clark,2661,4,684,(h),14,7
Clark,2662,4,132,(h),3,2
Clark,2663,4,259,(h),5,3
Clark,2664,4,7,293.133.3,1,1
Clark,2665,4,44,(h),1,1
Clark,2666,4,1027,(h),21,11
Clark,2671,4,589,(h),12,6
Clark,2672,4,645,(h),13,7
Clark,2673,4,37,(h),1,1
Clark,2674,4,870,(h),17,9
Clark,2675,4,8,293.133.3,1,1
Clark,2676,4,11,293.133.3,1,1
Clark,2681,4,2,293.133.3,1,1
Clark,2682,4,421,(h),8,4
Clark,2683,4,1,293.133.3,1,1
Clark,2684,4,6,293.133.3,1,1
Clark,2685,4,0,293.133.3,1,1
Clark,2691,4,20,293.133.3,1,1
Clark,2692,4,474,(h),9,5
Clark,2693,4,40,(h),1,1
Clark,2694,4,0,293.133.3,1,1
Clark,2695,4,437,(h),9,5
Clark,2696,4,15,293.133.3,1,1
Clark,2700,4,460,(h),9,5
Clark,2701,4,572,(h),11,6
Clark,2702,4,417,(h),8,4
Clark,2703,4,0,293.133.3,1,1
Clark,2704,4,17,293.133.3,1,1
Clark,2705,4,478,(h),10,5
Clark,2706,4,0,293.133.3,1,1
Clark,2709,4,354,(h),7,4
Clark,2710,4,403,(h),8,4
Clark,2711,4,479,(h),10,5
Clark,2712,4,0,293.133.3,1,1
Clark,2713,4,511,(h),10,5
Clark,2714,4,626,(h),13,7
Clark,2715,4,4,293.133.3,1,1
Clark,2716,4,1043,(h),21,11
Clark,2717,4,780,(h),16,8
Clark,2720,4,0,293.133.3,1,1
Clark,2721,4,0,293.133.3,1,1
Clark,2722,4,306,(h),6,3
Clark,2723,4,0,293.133.3,1,1
Clark,2724,4,1053,(h),21,11
Clark,2725,4,110,(h),2,1
Clark,2726,4,108,(h),2,1
Clark,2727,4,274,(h),5,3
Clark,2729,4,408,(h),8,4
Clark,2730,4,1073,(h),21,11
Clark,2731,4,678,(h),14,7
Clark,2732,4,461,(h),9,5
Clark,2733,4,602,(h),12,6
Clark,2734,4,712,(h),14,7
Clark,2735,4,808,(h),16,8
Clark,2736,4,321,(h),6,3
Clark,2737,4,904,(h),18,9
Clark,2738,4,589,(h),12,6
Clark,2740,4,1321,(h),26,13
Clark,2742,4,535,(h),11,6
Clark,2743,4,808,(h),16,8
Clark,2745,4,11,293.133.3,1,1
Clark,2746,4,579,(h),12,6
Clark,2751,4,519,(h),10,5
Clark,2752,4,1408,(h),28,14
Clark,2770,4,55,(h),1,1
Clark,2775,4,515,(h),10,5
Clark,2776,4,532,(h),11,6
Clark,2904,4,0,293.133.3,1,1
Clark,2906,4,0,293.133.3,1,1
Clark,2907,4,0,293.133.3,1,1
Clark,2911,4,0,293.133.3,1,1
Clark,2914,4,0,293.133.3,1,1
Clark,2916,4,0,293.133.3,1,1
Clark,2917,4,0,293.133.3,1,1
Clark,2919,4,0,293.133.3,1,1
Clark,2920,4,0,293.133.3,1,1
Clark,2927,4,0,293.133.3,1,1
Clark,2930,4,0,293.133.3,1,1
Clark,2931,4,0,293.133.3,1,1
Clark,2934,4,0,293.133.3,1,1
Clark,2938,4,0,293.133.3,1,1
Clark,2946,4,0,293.133.3,1,1
Clark,2948,4,0,293.133.3,1,1
Clark,2949,4,0,293.133.3,1,1
Clark,2951,4,0,293.133.3,1,1
Clark,2957,4,0,293.133.3,1,1
Clark,2959,4,0,293.133.3,1,1
Clark,2961,4,0,293.133.3,1,1
Clark,2962,4,0,293.133.3,1,1
Clark,2969,4,0,293.133.3,1,1
Clark,2970,4,0,293.133.3,1,1
Clark,2971,4,0,293.133.3,1,1
Clark,2972,4,0,293.133.3,1,1
Clark,2973,4,0,293.133.3,1,1
Clark,2974,4,0,293.133.3,1,1
Clark,2975,4,0,293.133.3,1,1
Clark,2976,4,0,293.133.3,1,1
Clark,2977,4,0,293.133.3,1,1
Clark,2978,4,0,293.133.3,1,1
Clark,2979,4,0,293.133.3,1,1
Clark,3036,4,288,(h),6,3
Clark,3037,4,244,(h),5,3
Clark,3040,4,352,(h),7,4
Clark,3151,4,0,293.133.3,1,1
Clark,3152,4,23,293.133.3,1,1
Clark,3191,4,1,293.133.3,1,1
Clark,3217,4,759,(h),15,8
Clark,3361,1,617,(h),12,6
Clark,3363,3,508,(h),10,5
Clark,3364,3,497,(h),10,5
Clark,3365,4,299,(h),6,3
Clark,3366,4,260,(h),5,3
Clark,3370,3,423,(h),8,4
Clark,3371,3,376,(h),8,4
Clark,3372,3,492,(h),10,5
Clark,3373,3,525,(h),11,6
Clark,3374,3,393,(h),8,4
Clark,3375,3,525,(h),11,6
Clark,3380,3,266,(h),5,3
Clark,3381,3,584,(h),12,6
Clark,3382,3,513,(h),10,5
Clark,3383,3,314,(h),6,3
Clark,3385,4,613,(h),12,6
Clark,3386,3,275,(h),6,3
Clark,3391,4,321,(h),6,3
Clark,3392,4,392,(h),8,4
Clark,3393,4,294,(h),6,3
Clark,3395,4,385,(h),8,4
Clark,3413,4,313,(h),6,3
Clark,3414,3,140,(h),3,2
Clark,3416,4,586,(h),12,6
Clark,3417,4,875,(h),18,9
Clark,3418,4,258,(h),5,3
Clark,3430,4,564,(h),11,6
Clark,3431,4,520,(h),10,5
Clark,3433,4,2,293.133.3,1,1
Clark,3435,4,733,(h),15,8
Clark,3439,4,1,293.133.3,1,1
Clark,3457,4,2,293.133.3,1,1
Clark,3464,4,423,(h),8,4
Clark,3465,4,371,(h),7,4
Clark,3518,4,1,293.133.3,1,1
Clark,3532,4,62,(h),1,1
Clark,3535,4,17,293.133.3,1,1
Clark,3537,4,0,293.133.3,1,1
Clark,3540,4,152,(h),3,2
Clark,3544,3,340,(h),7,4
Clark,3545,4,0,293.133.3,1,1
Clark,3546,4,1000,(h),20,10
Clark,3547,4,679,(h),14,7
Clark,3552,4,0,293.133.3,1,1
Clark,3553,4,0,293.133.3,1,1
Clark,3557,3,711,(h),14,7
Clark,3559,4,0,293.133.3,1,1
Clark,3562,4,0,293.133.3,1,1
Clark,3564,4,84,(h),2,1
Clark,3565,3,411,(h),8,4
Clark,3566,4,10,293.133.3,1,1
Clark,3571,4,1,293.133.3,1,1
Clark,3574,4,0,293.133.3,1,1
Clark,3576,3,217,(h),4,2
Clark,3578,4,10,293.133.3,1,1
Clark,3579,4,4,293.133.3,1,1
Clark,3580,4,0,293.133.3,1,1
Clark,3581,4,0,293.133.3,1,1
Clark,3582,4,4,293.133.3,1,1
Clark,3583,4,0,293.133.3,1,1
Clark,3584,4,0,293.133.3,1,1
Clark,3585,4,0,293.133.3,1,1
Clark,3586,4,0,293.133.3,1,1
Clark,3587,4,324,(h),6,3
Clark,3588,4,380,(h),8,4
Clark,3602,4,775,(h),16,8
Clark,3604,4,1113,(h),22,11
Clark,3605,4,136,(h),3,2
Clark,3606,4,543,(h),11,6
Clark,3607,4,816,(h),16,8
Clark,3608,4,388,(h),8,4
Clark,3609,4,402,(h),8,4
Clark,3610,4,535,(h),11,6
Clark,3611,4,0,293.133.3,1,1
Clark,3612,4,0,293.133.3,1,1
Clark,3613,4,570,(h),11,6
Clark,3700,4,2,293.133.3,1,1
Clark,3701,4,0,293.133.3,1,1
Clark,3702,4,879,(h),18,9
Clark,3703,4,10,293.133.3,1,1
Clark,3704,4,472,(h),9,5
Clark,3705,4,379,(h),8,4
Clark,3706,4,930,(h),19,10
Clark,3707,4,583,(h),12,6
Clark,3708,4,327,(h),7,4
Clark,3709,4,926,(h),19,10
Clark,3710,4,93,(h),2,1
Clark,3711,4,84,(h),2,1
Clark,3712,4,0,293.133.3,1,1
Clark,3713,4,20,293.133.3,1,1
Clark,3714,4,14,293.133.3,1,1
Clark,3715,4,68,(h),1,1
Clark,3716,4,232,(h),5,3
Clark,3717,4,133,(h),3,2
Clark,3718,4,249,(h),5,3
Clark,3719,4,664,(h),13,7
Clark,3720,4,398,(h),8,4
Clark,3721,4,482,(h),10,5
Clark,3722,4,373,(h),7,4
Clark,3723,4,356,(h),7,4
Clark,3724,4,561,(h),11,6
Clark,3725,4,4,293.133.3,1,1
Clark,3726,4,709,(h),14,7
Clark,3727,4,467,(h),9,5
Clark,3728,3,533,(h),11,6
Clark,3729,4,381,(h),8,4
Clark,3730,4,764,(h),15,8
Clark,3731,4,4,293.133.3,1,1
Clark,3732,4,395,(h),8,4
Clark,3733,4,593,(h),12,6
Clark,3734,3,437,(h),9,5
Clark,3735,4,22,293.133.3,1,1
Clark,3736,4,7,293.133.3,1,1
Clark,3737,4,0,293.133.3,1,1
Clark,3738,4,154,(h),3,2
Clark,3739,4,397,(h),8,4
Clark,3740,3,755,(h),15,8
Clark,3741,4,210,(h),4,2
Clark,3742,4,959,(h),19,10
Clark,3743,4,666,(h),13,7
Clark,3744,4,0,293.133.3,1,1
Clark,3745,4,0,293.133.3,1,1
Clark,3746,3,559,(h),11,6
Clark,3747,4,419,(h),8,4
Clark,3748,4,487,(h),10,5
Clark,3749,4,755,(h),15,8
Clark,3750,4,1,293.133.3,1,1
Clark,3751,4,630,(h),13,7
Clark,3752,4,798,(h),16,8
Clark,3753,4,74,(h),1,1
Clark,3754,4,1092,(h),22,11
Clark,3755,4,422,(h),8,4
Clark,3756,4,146,(h),3,2
Clark,3757,4,244,(h),5,3
Clark,3758,4,268,(h),5,3
Clark,3759,4,538,(h),11,6
Clark,3760,4,747,(h),15,8
Clark,3761,1,517,(h),10,5
Clark,3762,1,558,(h),11,6
Clark,3763,4,0,293.133.3,1,1
Clark,3764,1,815,(h),16,8
Clark,3765,4,912,(h),18,9
Clark,3766,4,279,(h),6,3
Clark,3767,4,7,293.133.3,1,1
Clark,3768,4,472,(h),9,5
Clark,3769,4,446,(h),9,5
Clark,3770,1,674,(h),13,7
Clark,3771,4,426,(h),9,5
Clark,3772,1,614,(h),12,6
Clark,3773,1,656,(h),13,7
Clark,3774,1,500,(h),10,5
Clark,3775,1,394,(h),8,4
Clark,3776,4,0,293.133.3,1,1
Clark,3777,4,0,293.133.3,1,1
Clark,3780,4,609,(h),12,6
Clark,3782,1,274,(h),5,3
Clark,3783,1,667,(h),13,7
Clark,3784,1,589,(h),12,6
Clark,3785,1,523,(h),10,5
Clark,3786,4,736,(h),15,8
Clark,3787,4,629,(h),13,7
Clark,3788,4,423,(h),8,4
Clark,3789,4,402,(h),8,4
Clark,3790,4,425,(h),9,5
Clark,3791,1,618,(h),12,6
Clark,3792,1,528,(h),11,6
Clark,3794,1,619,(h),12,6
Clark,3795,1,557,(h),11,6
Clark,3796,1,151,(h),3,2
Clark,3800,4,306,(h),6,3
Clark,3801,1,439,(h),9,5
Clark,3802,1,617,(h),12,6
Clark,3803,1,35,(h),1,1
Clark,3804,1,781,(h),16,8
Clark,3805,1,61,(h),1,1
Clark,3806,4,257,(h),5,3
Clark,3807,4,527,(h),11,6
Clark,3808,4,342,(h),7,4
Clark,3809,4,440,(h),9,5
Clark,3811,1,933,(h),19,10
Clark,3812,1,142,(h),3,2
Clark,3813,4,710,(h),14,7
Clark,3814,1,492,(h),10,5
Clark,3815,1,713,(h),14,7
Clark,3821,1,0,293.133.3,1,1
Clark,3822,1,22,293.133.3,1,1
Clark,3823,1,13,293.133.3,1,1
Clark,3824,1,193,(h),4,2
Clark,3825,1,5,293.133.3,1,1
Clark,3826,1,182,(h),4,2
Clark,3831,1,55,(h),1,1
Clark,3832,4,1,293.133.3,1,1
Clark,3833,4,245,(h),5,3
Clark,3834,4,820,(h),16,8
Clark,3841,4,1318,(h),26,13
Clark,3842,4,703,(h),14,7
Clark,3843,4,925,(h),19,10
Clark,3844,4,503,(h),10,5
Clark,3845,4,55,(h),1,1
Clark,3851,4,0,293.133.3,1,1
Clark,3852,4,91,(h),2,1
Clark,3853,4,29,(h),1,1
Clark,3854,4,641,(h),13,7
Clark,3855,4,1059,(h),21,11
Clark,3863,1,450,(h),9,5
Clark,3864,1,734,(h),15,8
Clark,3866,3,164,(h),3,2
Clark,3875,4,0,293.133.3,1,1
Clark,3878,4,0,293.133.3,1,1
Clark,3879,4,0,293.133.3,1,1
Clark,3881,4,0,293.133.3,1,1
Clark,3902,1,0,293.133.3,1,1
Clark,3904,4,0,293.133.3,1,1
Clark,3905,4,0,293.133.3,1,1
Clark,3906,4,0,293.133.3,1,1
Clark,3907,4,0,293.133.3,1,1
Clark,3908,4,0,293.133.3,1,1
Clark,3909,4,0,293.133.3,1,1
Clark,3910,4,0,293.133.3,1,1
Clark,3912,4,0,293.133.3,1,1
Clark,3914,4,0,293.133.3,1,1
Clark,3915,4,0,293.133.3,1,1
Clark,3917,3,0,293.133.3,1,1
Clark,3938,4,0,293.133.3,1,1
Clark,3964,4,0,293.133.3,1,1
Clark,3979,4,0,293.133.3,1,1
Clark,3981,4,0,293.133.3,1,1
Clark,3982,4,0,293.133.3,1,1
Clark,3984,4,0,293.133.3,1,1
Clark,3985,4,0,293.133.3,1,1
Clark,3987,4,0,293.133.3,1,1
Clark,3988,4,0,293.133.3,1,1
Clark,3989,4,0,293.133.3,1,1
Clark,3990,4,0,293.133.3,1,1
Clark,3991,4,0,293.133.3,1,1
Clark,3992,4,0,293.133.3,1,1
Clark,3993,4,0,293.133.3,1,1
Clark,3994,4,0,293.133.3,1,1
Clark,3995,4,0,293.133.3,1,1
Clark,4017,4,1027,(h),21,11
Clark,4028,4,942,(h),19,10
Clark,4066,4,86,(h),2,1
Clark,4069,1,63,(h),1,1
Clark,4073,4,21,293.133.3,1,1
Clark,4075,4,0,293.133.3,1,1
Clark,4076,4,6,293.133.3,1,1
Clark,4304,4,890,(h),18,9
Clark,4305,4,1132,(h),23,12
Clark,4306,4,1048,(h),21,11
Clark,4307,4,989,(h),20,10
Clark,4309,4,779,(h),16,8
Clark,4310,4,852,(h),17,9
Clark,4381,1,576,(h),12,6
Clark,4384,1,605,(h),12,6
Clark,4387,1,1208,(h),24,12
Clark,4415,4,497,(h),10,5
Clark,4434,4,81,(h),2,1
Clark,4454,4,0,293.133.3,1,1
Clark,4461,4,1289,(h),26,13
Clark,4463,1,71,(h),1,1
Clark,4467,4,799,(h),16,8
Clark,4500,4,445,(h),9,5
Clark,4501,4,1009,(h),20,10
Clark,4502,4,605,(h),12,6
Clark,4504,4,1360,(h),27,14
Clark,4505,4,710,(h),14,7
Clark,4506,4,715,(h),14,7
Clark,4507,4,1246,(h),25,13
Clark,4508,4,705,(h),14,7
Clark,4510,1,1233,(h),25,13
Clark,4511,4,0,293.133.3,1,1
Clark,4512,4,303,(h),6,3
Clark,4513,1,346,(h),7,4
Clark,4514,1,1037,(h),21,11
Clark,4522,1,383,(h),8,4
Clark,4523,1,691,(h),14,7
Clark,4525,1,706,(h),14,7
Clark,4526,4,627,(h),13,7
Clark,4527,4,1314,(h),26,13
Clark,4528,4,1272,(h),25,13
Clark,4529,4,948,(h),19,10
Clark,4530,1,702,(h),14,7
Clark,4531,1,1102,(h),22,11
Clark,4532,1,676,(h),14,7
Clark,4535,1,927,(h),19,10
Clark,4536,1,990,(h),20,10
Clark,4540,1,481,(h),10,5
Clark,4541,1,859,(h),17,9
Clark,4543,1,426,(h),9,5
Clark,4546,1,1012,(h),20,10
Clark,4547,1,418,(h),8,4
Clark,4548,1,576,(h),12,6
Clark,4549,1,459,(h),9,5
Clark,4550,4,388,(h),8,4
Clark,4551,1,628,(h),13,7
Clark,4552,1,872,(h),17,9
Clark,4553,1,1144,(h),23,12
Clark,4554,1,275,(h),6,3
Clark,4555,1,666,(h),13,7
Clark,4556,4,718,(h),14,7
Clark,4557,1,830,(h),17,9
Clark,4559,4,977,(h),20,10
Clark,4560,4,437,(h),9,5
Clark,4561,1,584,(h),12,6
Clark,4562,4,363,(h),7,4
Clark,4563,4,378,(h),8,4
Clark,4564,4,213,(h),4,2
Clark,4565,4,998,(h),20,10
Clark,4566,4,819,(h),16,8
Clark,4567,4,1259,(h),25,13
Clark,4568,4,90,(h),2,1
Clark,4569,1,684,(h),14,7
Clark,4571,4,49,(h),1,1
Clark,4572,4,2,293.133.3,1,1
Clark,4573,4,257,(h),5,3
Clark,4574,4,0,293.133.3,1,1
Clark,4577,1,1093,(h),22,11
Clark,4581,4,1183,(h),24,12
Clark,4582,4,740,(h),15,8
Clark,4583,4,891,(h),18,9
Clark,4584,4,885,(h),18,9
Clark,4585,1,683,(h),14,7
Clark,4586,4,1267,(h),25,13
Clark,4590,4,547,(h),11,6
Clark,4591,1,371,(h),7,4
Clark,4592,1,152,(h),3,2
Clark,4593,4,606,(h),12,6
Clark,4594,1,2,293.133.3,1,1
Clark,4596,4,129,(h),3,2
Clark,4597,4,1229,(h),25,13
Clark,4598,4,717,(h),14,7
Clark,4599,4,707,(h),14,7
Clark,4601,1,240,(h),5,3
Clark,4602,1,959,(h),19,10
Clark,4603,1,571,(h),11,6
Clark,4604,1,402,(h),8,4
Clark,4605,1,1328,(h),27,14
Clark,4606,1,89,(h),2,1
Clark,4611,1,708,(h),14,7
Clark,4612,1,1039,(h),21,11
Clark,4613,1,2,293.133.3,1,1
Clark,4614,1,118,(h),2,1
Clark,4615,1,0,293.133.3,1,1
Clark,4616,4,1525,(h),31,16
Clark,4621,1,432,(h),9,5
Clark,4623,1,884,(h),18,9
Clark,4633,1,693,(h),14,7
Clark,4634,1,1182,(h),24,12
Clark,4635,4,708,(h),14,7
Clark,4636,1,1,293.133.3,1,1
Clark,4637,1,0,293.133.3,1,1
Clark,4638,1,0,293.133.3,1,1
Clark,4641,1,102,(h),2,1
Clark,4642,1,496,(h),10,5
Clark,4643,1,370,(h),7,4
Clark,4645,4,1,293.133.3,1,1
Clark,4650,4,200,(h),4,2
Clark,4651,4,1,293.133.3,1,1
Clark,4652,4,1140,(h),23,12
Clark,4902,1,0,293.133.3,1,1
Clark,4903,4,0,293.133.3,1,1
Clark,5003,1,233,(h),5,3
Clark,5014,1,0,293.133.3,1,1
Clark,5029,1,1147,(h),23,12
Clark,5034,1,930,(h),19,10
Clark,5036,1,652,(h),13,7
Clark,5047,1,826,(h),17,9
Clark,5056,1,483,(h),10,5
Clark,5323,1,744,(h),15,8
Clark,5324,1,527,(h),11,6
Clark,5326,1,425,(h),9,5
Clark,5330,4,733,(h),15,8
Clark,5332,1,372,(h),7,4
Clark,5333,1,718,(h),14,7
Clark,5350,1,789,(h),16,8
Clark,5356,1,402,(h),8,4
Clark,5372,1,779,(h),16,8
Clark,5384,1,591,(h),12,6
Clark,5390,1,744,(h),15,8
Clark,5393,1,405,(h),8,4
Clark,5394,1,575,(h),12,6
Clark,5395,1,249,(h),5,3
Clark,5396,1,627,(h),13,7
Clark,5397,1,644,(h),13,7
Clark,5400,1,571,(h),11,6
Clark,5403,1,408,(h),8,4
Clark,5404,1,871,(h),17,9
Clark,5405,1,1030,(h),21,11
Clark,5410,1,754,(h),15,8
Clark,5412,1,783,(h),16,8
Clark,5413,1,777,(h),16,8
Clark,5417,1,578,(h),12,6
Clark,5425,1,534,(h),11,6
Clark,5430,1,780,(h),16,8
Clark,5500,4,0,293.133.3,1,1
Clark,5501,4,201,(h),4,2
Clark,5502,3,0,293.133.3,1,1
Clark,5503,4,2,293.133.3,1,1
Clark,5504,1,483,(h),10,5
Clark,5505,1,745,(h),15,8
Clark,5506,4,0,293.133.3,1,1
Clark,5511,1,414,(h),8,4
Clark,5512,1,707,(h),14,7
Clark,5513,1,854,(h),17,9
Clark,5515,1,373,(h),7,4
Clark,5521,1,340,(h),7,4
Clark,5522,1,733,(h),15,8
Clark,5523,1,581,(h),12,6
Clark,5524,4,162,(h),3,2
Clark,5525,4,145,(h),3,2
Clark,5531,4,220,(h),4,2
Clark,5532,1,410,(h),8,4
Clark,5533,1,446,(h),9,5
Clark,5534,1,352,(h),7,4
Clark,5535,1,417,(h),8,4
Clark,5536,1,751,(h),15,8
Clark,5537,1,780,(h),16,8
Clark,5541,1,97,(h),2,1
Clark,5542,1,575,(h),12,6
Clark,5543,1,421,(h),8,4
Clark,5544,1,779,(h),16,8
Clark,5545,1,1100,(h),22,11
Clark,5552,1,557,(h),11,6
Clark,5553,1,376,(h),8,4
Clark,5554,1,466,(h),9,5
Clark,5555,1,325,(h),7,4
Clark,5560,1,514,(h),10,5
Clark,5562,1,743,(h),15,8
Clark,5563,1,9,293.133.3,1,1
Clark,5564,1,603,(h),12,6
Clark,5565,1,714,(h),14,7
Clark,5566,1,471,(h),9,5
Clark,5567,1,631,(h),13,7
Clark,5568,1,507,(h),10,5
Clark,5569,1,501,(h),10,5
Clark,5570,1,664,(h),13,7
Clark,5571,1,863,(h),17,9
Clark,5572,1,664,(h),13,7
Clark,5573,1,421,(h),8,4
Clark,5574,1,204,(h),4,2
Clark,5575,1,303,(h),6,3
Clark,5576,1,437,(h),9,5
Clark,5577,1,482,(h),10,5
Clark,5578,1,473,(h),9,5
Clark,5579,1,315,(h),6,3
Clark,5580,1,888,(h),18,9
Clark,5581,1,1442,(h),29,15
Clark,5582,1,1037,(h),21,11
Clark,5583,1,974,(h),19,10
Clark,5584,1,947,(h),19,10
Clark,5585,1,848,(h),17,9
Clark,5586,1,1221,(h),24,12
Clark,5587,1,523,(h),10,5
Clark,5588,1,168,(h),3,2
Clark,5589,1,220,(h),4,2
Clark,5591,1,408,(h),8,4
Clark,5592,1,506,(h),10,5
Clark,5593,1,606,(h),12,6
Clark,5594,1,430,(h),9,5
Clark,5595,1,539,(h),11,6
Clark,5596,1,1238,(h),25,13
Clark,5597,1,329,(h),7,4
Clark,5598,1,941,(h),19,10
Clark,5599,1,0,293.133.3,1,1
Clark,5601,1,666,(h),13,7
Clark,5603,1,726,(h),15,8
Clark,5604,1,719,(h),14,7
Clark,5612,1,392,(h),8,4
Clark,5613,1,554,(h),11,6
Clark,5614,1,792,(h),16,8
Clark,5615,1,282,(h),6,3
Clark,5616,1,484,(h),10,5
Clark,5617,1,1049,(h),21,11
Clark,5620,1,1160,(h),23,12
Clark,5621,1,524,(h),10,5
Clark,5622,1,376,(h),8,4
Clark,5623,1,881,(h),18,9
Clark,5624,1,454,(h),9,5
Clark,5625,1,471,(h),9,5
Clark,5631,1,443,(h),9,5
Clark,5632,1,672,(h),13,7
Clark,5633,1,713,(h),14,7
Clark,5634,1,330,(h),7,4
Clark,5635,1,1081,(h),22,11
Clark,5636,1,655,(h),13,7
Clark,5641,3,57,(h),1,1
Clark,5642,3,260,(h),5,3
Clark,5643,3,1,293.133.3,1,1
Clark,5644,3,0,293.133.3,1,1
Clark,5649,3,299,(h),6,3
Clark,5650,3,719,(h),14,7
Clark,5651,3,87,(h),2,1
Clark,5652,3,306,(h),6,3
Clark,5653,3,657,(h),13,7
Clark,5654,3,496,(h),10,5
Clark,5655,3,422,(h),8,4
Clark,5903,1,0,293.133.3,1,1
Clark,5904,1,0,293.133.3,1,1
Clark,5906,3,0,293.133.3,1,1
Clark,6040,1,471,(h),9,5
Clark,6057,1,580,(h),12,6
Clark,6062,1,427,(h),9,5
Clark,6066,1,380,(h),8,4
Clark,6109,1,826,(h),17,9
Clark,6362,1,583,(h),12,6
Clark,6424,1,636,(h),13,7
Clark,6431,1,557,(h),11,6
Clark,6434,1,265,(h),5,3
Clark,6440,1,489,(h),10,5
Clark,6463,3,545,(h),11,6
Clark,6467,3,114,(h),2,1
Clark,6468,3,603,(h),12,6
Clark,6469,3,623,(h),12,6
Clark,6470,3,686,(h),14,7
Clark,6471,3,712,(h),14,7
Clark,6475,3,717,(h),14,7
Clark,6477,3,358,(h),7,4
Clark,6484,3,136,(h),3,2
Clark,6486,3,204,(h),4,2
Clark,6487,3,283,(h),6,3
Clark,6488,3,35,(h),1,1
Clark,6490,3,287,(h),6,3
Clark,6492,3,1007,(h),20,10
Clark,6493,3,475,(h),10,5
Clark,6494,3,333,(h),7,4
Clark,6496,3,0,293.133.3,1,1
Clark,6497,3,709,(h),14,7
Clark,6498,3,41,(h),1,1
Clark,6499,3,781,(h),16,8
Clark,6500,3,23,293.133.3,1,1
Clark,6512,3,304,(h),6,3
Clark,6513,3,153,(h),3,2
Clark,6514,3,573,(h),11,6
Clark,6515,3,255,(h),5,3
Clark,6517,3,644,(h),13,7
Clark,6520,3,461,(h),9,5
Clark,6521,3,516,(h),10,5
Clark,6522,3,279,(h),6,3
Clark,6526,3,317,(h),6,3
Clark,6527,3,785,(h),16,8
Clark,6530,3,494,(h),10,5
Clark,6531,3,1012,(h),20,10
Clark,6533,3,520,(h),10,5
Clark,6538,3,399,(h),8,4
Clark,6539,3,609,(h),12,6
Clark,6540,3,796,(h),16,8
Clark,6544,3,441,(h),9,5
Clark,6545,3,515,(h),10,5
Clark,6547,3,751,(h),15,8
Clark,6548,3,623,(h),12,6
Clark,6549,3,596,(h),12,6
Clark,6600,3,309,(h),6,3
Clark,6601,1,699,(h),14,7
Clark,6602,1,608,(h),12,6
Clark,6604,1,795,(h),16,8
Clark,6605,1,162,(h),3,2
Clark,6606,1,867,(h),17,9
Clark,6607,1,707,(h),14,7
Clark,6608,1,190,(h),4,2
Clark,6609,3,686,(h),14,7
Clark,6610,3,734,(h),15,8
Clark,6611,3,390,(h),8,4
Clark,6612,1,777,(h),16,8
Clark,6613,3,371,(h),7,4
Clark,6614,1,1,293.133.3,1,1
Clark,6615,1,188,(h),4,2
Clark,6617,1,0,293.133.3,1,1
Clark,6621,1,582,(h),12,6
Clark,6622,1,828,(h),17,9
Clark,6625,1,351,(h),7,4
Clark,6631,1,351,(h),7,4
Clark,6632,1,353,(h),7,4
Clark,6633,1,583,(h),12,6
Clark,6634,1,346,(h),7,4
Clark,6635,3,389,(h),8,4
Clark,6642,3,384,(h),8,4
Clark,6643,3,555,(h),11,6
Clark,6644,3,642,(h),13,7
Clark,6645,3,648,(h),13,7
Clark,6648,3,606,(h),12,6
Clark,6649,3,676,(h),14,7
Clark,6651,3,563,(h),11,6
Clark,6652,3,249,(h),5,3
Clark,6653,3,411,(h),8,4
Clark,6654,3,623,(h),12,6
Clark,6655,3,461,(h),9,5
Clark,6656,3,468,(h),9,5
Clark,6657,3,563,(h),11,6
Clark,6658,3,834,(h),17,9
Clark,6661,3,537,(h),11,6
Clark,6662,3,282,(h),6,3
Clark,6663,3,449,(h),9,5
Clark,6664,3,418,(h),8,4
Clark,6665,3,492,(h),10,5
Clark,6666,3,630,(h),13,7
Clark,6667,3,429,(h),9,5
Clark,6671,3,395,(h),8,4
Clark,6672,3,414,(h),8,4
Clark,6673,1,909,(h),18,9
Clark,6674,1,506,(h),10,5
Clark,6675,1,460,(h),9,5
Clark,6681,1,428,(h),9,5
Clark,6683,1,221,(h),4,2
Clark,6684,1,193,(h),4,2
Clark,6685,1,580,(h),12,6
Clark,6686,1,510,(h),10,5
Clark,6691,1,384,(h),8,4
Clark,6692,1,361,(h),7,4
Clark,6693,3,831,(h),17,9
Clark,6694,3,391,(h),8,4
Clark,6695,3,508,(h),10,5
Clark,6700,3,164,(h),3,2
Clark,6701,3,288,(h),6,3
Clark,6702,3,467,(h),9,5
Clark,6703,3,646,(h),13,7
Clark,6704,1,585,(h),12,6
Clark,6705,1,527,(h),11,6
Clark,6706,1,605,(h),12,6
Clark,6707,3,769,(h),15,8
Clark,6708,3,612,(h),12,6
Clark,6709,3,300,(h),6,3
Clark,6710,1,1265,(h),25,13
Clark,6711,1,0,293.133.3,1,1
Clark,6712,3,155,(h),3,2
Clark,6713,3,224,(h),4,2
Clark,6714,3,240,(h),5,3
Clark,6715,3,492,(h),10,5
Clark,6716,3,690,(h),14,7
Clark,6717,3,339,(h),7,4
Clark,6718,3,316,(h),6,3
Clark,6719,3,677,(h),14,7
Clark,6720,3,257,(h),5,3
Clark,6721,3,632,(h),13,7
Clark,6722,3,1,293.133.3,1,1
Clark,6723,3,102,(h),2,1
Clark,6724,3,727,(h),15,8
Clark,6725,3,654,(h),13,7
Clark,6726,3,285,(h),6,3
Clark,6727,3,320,(h),6,3
Clark,6728,3,632,(h),13,7
Clark,6729,3,250,(h),5,3
Clark,6730,3,909,(h),18,9
Clark,6731,3,474,(h),9,5
Clark,6732,3,550,(h),11,6
Clark,6733,3,860,(h),17,9
Clark,6734,3,536,(h),11,6
Clark,6735,3,1099,(h),22,11
Clark,6736,3,404,(h),8,4
Clark,6737,3,933,(h),19,10
Clark,6738,3,768,(h),15,8
Clark,6739,3,553,(h),11,6
Clark,6740,3,640,(h),13,7
Clark,6750,3,566,(h),11,6
Clark,6751,3,741,(h),15,8
Clark,6752,3,655,(h),13,7
Clark,6753,3,494,(h),10,5
Clark,6914,3,0,293.133.3,1,1
Clark,7012,3,761,(h),15,8
Clark,7047,1,506,(h),10,5
Clark,7048,1,612,(h),12,6
Clark,7049,1,433,(h),9,5
Clark,7050,1,446,(h),9,5
Clark,7054,3,529,(h),11,6
Clark,7079,1,981,(h),20,10
Clark,7097,1,623,(h),12,6
Clark,7311,3,436,(h),9,5
Clark,7312,1,906,(h),18,9
Clark,7332,1,712,(h),14,7
Clark,7334,3,250,(h),5,3
Clark,7341,3,566,(h),11,6
Clark,7351,3,315,(h),6,3
Clark,7352,3,415,(h),8,4
Clark,7354,3,470,(h),9,5
Clark,7355,3,700,(h),14,7
Clark,7356,3,247,(h),5,3
Clark,7357,3,646,(h),13,7
Clark,7358,3,170,(h),3,2
Clark,7359,3,657,(h),13,7
Clark,7360,3,318,(h),6,3
Clark,7361,3,204,(h),4,2
Clark,7366,3,982,(h),20,10
Clark,7387,1,502,(h),10,5
Clark,7395,3,561,(h),11,6
Clark,7402,3,599,(h),12,6
Clark,7403,3,631,(h),13,7
Clark,7405,3,606,(h),12,6
Clark,7410,3,487,(h),10,5
Clark,7411,3,670,(h),13,7
Clark,7413,3,882,(h),18,9
Clark,7414,3,906,(h),18,9
Clark,7415,3,656,(h),13,7
Clark,7416,3,402,(h),8,4
Clark,7417,3,549,(h),11,6
Clark,7422,3,783,(h),16,8
Clark,7430,3,796,(h),16,8
Clark,7500,3,898,(h),18,9
Clark,7501,1,276,(h),6,3
Clark,7502,1,653,(h),13,7
Clark,7503,1,444,(h),9,5
Clark,7504,1,91,(h),2,1
Clark,7505,3,0,293.133.3,1,1
Clark,7506,1,457,(h),9,5
Clark,7507,1,861,(h),17,9
Clark,7508,1,292,(h),6,3
Clark,7509,1,681,(h),14,7
Clark,7511,3,1,293.133.3,1,1
Clark,7512,1,361,(h),7,4
Clark,7513,1,1029,(h),21,11
Clark,7514,1,0,293.133.3,1,1
Clark,7515,1,671,(h),13,7
Clark,7521,3,17,293.133.3,1,1
Clark,7522,1,1399,(h),28,14
Clark,7523,1,164,(h),3,2
Clark,7524,1,621,(h),12,6
Clark,7525,1,795,(h),16,8
Clark,7526,3,359,(h),7,4
Clark,7527,3,519,(h),10,5
Clark,7528,3,880,(h),18,9
Clark,7529,3,472,(h),9,5
Clark,7530,1,472,(h),9,5
Clark,7531,1,644,(h),13,7
Clark,7532,1,604,(h),12,6
Clark,7533,3,0,293.133.3,1,1
Clark,7534,3,489,(h),10,5
Clark,7535,3,0,293.133.3,1,1
Clark,7536,3,301,(h),6,3
Clark,7541,3,0,293.133.3,1,1
Clark,7542,3,14,293.133.3,1,1
Clark,7543,3,0,293.133.3,1,1
Clark,7545,3,331,(h),7,4
Clark,7550,3,25,(h),1,1
Clark,7551,3,259,(h),5,3
Clark,7552,3,300,(h),6,3
Clark,7553,3,383,(h),8,4
Clark,7554,3,277,(h),6,3
Clark,7555,3,425,(h),9,5
Clark,7561,3,330,(h),7,4
Clark,7562,3,276,(h),6,3
Clark,7563,3,179,(h),4,2
Clark,7564,3,265,(h),5,3
Clark,7569,3,678,(h),14,7
Clark,7570,3,508,(h),10,5
Clark,7571,3,436,(h),9,5
Clark,7572,3,592,(h),12,6
Clark,7573,3,494,(h),10,5
Clark,7574,3,449,(h),9,5
Clark,7575,3,210,(h),4,2
Clark,7581,3,432,(h),9,5
Clark,7582,3,602,(h),12,6
Clark,7583,3,535,(h),11,6
Clark,7584,3,439,(h),9,5
Clark,7585,3,298,(h),6,3
Clark,7590,3,98,(h),2,1
Clark,7591,3,303,(h),6,3
Clark,7592,3,389,(h),8,4
Clark,7593,3,594,(h),12,6
Clark,7594,3,683,(h),14,7
Clark,7595,3,147,(h),3,2
Clark,7596,3,260,(h),5,3
Clark,7601,3,389,(h),8,4
Clark,7602,3,508,(h),10,5
Clark,7603,3,579,(h),12,6
Clark,7604,3,398,(h),8,4
Clark,7605,3,519,(h),10,5
Clark,7611,3,333,(h),7,4
Clark,7612,3,278,(h),6,3
Clark,7613,3,351,(h),7,4
Clark,7614,3,490,(h),10,5
Clark,7615,3,671,(h),13,7
Clark,7622,3,255,(h),5,3
Clark,7623,3,639,(h),13,7
Clark,7624,3,640,(h),13,7
Clark,7625,3,315,(h),6,3
Clark,7631,3,519,(h),10,5
Clark,7632,3,383,(h),8,4
Clark,7633,3,381,(h),8,4
Clark,7634,3,230,(h),5,3
Clark,7635,3,344,(h),7,4
Clark,7641,3,331,(h),7,4
Clark,7642,3,295,(h),6,3
Clark,7643,3,260,(h),5,3
Clark,7644,3,420,(h),8,4
Clark,7645,3,181,(h),4,2
Clark,7651,3,764,(h),15,8
Clark,7652,3,370,(h),7,4
Clark,7653,3,321,(h),6,3
Clark,7654,3,449,(h),9,5
Clark,7661,3,345,(h),7,4
Clark,7662,3,490,(h),10,5
Clark,7663,3,596,(h),12,6
Clark,7664,3,397,(h),8,4
Clark,7665,3,352,(h),7,4
Clark,7671,3,305,(h),6,3
Clark,7672,3,335,(h),7,4
Clark,7674,3,142,(h),3,2
Clark,7675,3,337,(h),7,4
Clark,7681,3,369,(h),7,4
Clark,7682,3,305,(h),6,3
Clark,7683,3,475,(h),10,5
Clark,7684,3,423,(h),8,4
Clark,7685,3,472,(h),9,5
Clark,7691,3,215,(h),4,2
Clark,7692,3,486,(h),10,5
Clark,7693,3,661,(h),13,7
Clark,7694,3,575,(h),12,6
Clark,7695,3,510,(h),10,5
Clark,7701,3,68,(h),1,1
Clark,7702,3,632,(h),13,7
Clark,7703,3,431,(h),9,5
Clark,7704,3,245,(h),5,3
Clark,7705,3,391,(h),8,4
Clark,7706,3,520,(h),10,5
Clark,7707,1,416,(h),8,4
Clark,7712,3,339,(h),7,4
Clark,7713,3,325,(h),7,4
Clark,7714,3,589,(h),12,6
Clark,7715,3,814,(h),16,8
Clark,7720,3,40,(h),1,1
Clark,7722,3,301,(h),6,3
Clark,7723,3,569,(h),11,6
Clark,7724,3,18,293.133.3,1,1
Clark,7726,3,705,(h),14,7
Clark,7730,3,1041,(h),21,11
Clark,7731,3,567,(h),11,6
Clark,7732,3,601,(h),12,6
Clark,7733,3,412,(h),8,4
Clark,7734,3,1,293.133.3,1,1
Clark,7743,3,0,293.133.3,1,1
Clark,7745,3,0,293.133.3,1,1
Clark,7906,1,0,293.133.3,1,1
Clark,7908,3,0,293.133.3,1,1
Clark,7910,3,0,293.133.3,1,1
Clark,7912,3,0,293.133.3,1,1
Clark,7920,3,0,293.133.3,1,1
Clark,7923,3,0,293.133.3,1,1
Clark,7926,3,0,293.133.3,1,1
Clark,9996,1,5,293.133.3,1,1
Douglas,1,2,167,(h),3,2
Douglas,2,2,306,(h),6,3
Douglas,3,2,378,(h),8,4
Douglas,4,2,278,(h),6,3
Douglas,5,2,195,(h),4,2
Douglas,6,2,398,(h),8,4
Douglas,7,2,229,(h),5,3
Douglas,8,2,339,(h),7,4
Douglas,9,2,305,(h),6,3
Douglas,10,2,273,(h),5,3
Douglas,11,2,273,(h),5,3
Douglas,12,2,112,(h),2,1
Douglas,13,2,397,(h),8,4
Douglas,14,2,149,(h),3,2
Douglas,15,2,86,(h),2,1
Douglas,16,2,153,(h),3,2
Douglas,17,2,278,(h),6,3
Douglas,18,2,162,(h),3,2
Douglas,19,2,269,(h),5,3
Douglas,20,2,342,(h),7,4
Douglas,21,2,262,(h),5,3
Douglas,22,2,281,(h),6,3
Douglas,23,2,313,(h),6,3
Douglas,24,2,94,(h),2,1
Douglas,25,2,377,(h),8,4
Douglas,26,2,154,(h),3,2
Douglas,27,2,225,(h),5,3
Douglas,28,2,118,(h),2,1
Douglas,29,2,134,(h),3,2
Douglas,30,2,0,293.133.3,1,1
Douglas,31,2,209,(h),4,2
Douglas,32,2,112,(h),2,1
Douglas,33,2,124,(h),2,1
Douglas,34,2,130,(h),3,2
Douglas,35,2,111,(h),2,1
Douglas,36,2,115,(h),2,1
Douglas,37,2,177,(h),4,2
Douglas,38,2,203,(h),4,2
Douglas,39,2,126,(h),3,2
Douglas,40,2,336,(h),7,4
Douglas,41,2,359,(h),7,4
Elko,1,2,151,(h),3,2
Elko,2,2,172,(h),3,2
Elko,3,2,141,(h),3,2
Elko,4,2,163,(h),3,2
Elko,5,2,128,(h),3,2
Elko,6,2,139,(h),3,2
Elko,7,2,83,(h),2,1
Elko,8,2,189,(h),4,2
Elko,9,2,130,(h),3,2
Elko,10,2,199,(h),4,2
Elko,11,2,194,(h),4,2
Elko,12,2,241,(h),5,3
Elko,13,2,77,(h),2,1
Elko,14,2,239,(h),5,3
Elko,15,2,86,(h),2,1
Elko,16,2,75,(h),2,1
Elko,17,2,3,293.133.3,1,1
Elko,18,2,79,(h),2,1
Elko,19,2,65,(h),1,1
Elko,20,2,282,(h),6,3
Elko,21,2,105,(h),2,1
Elko,22,2,205,(h),4,2
Elko,23,2,223,(h),4,2
Elko,24,2,148,(h),3,2
Elko,25,2,137,(h),3,2
Elko,26,2,93,(h),2,1
Elko,27,2,48,(h),1,1
Elko,28,2,10,293.133.3,1,1
Elko,29,2,98,(h),2,1
Elko,30,2,6,293.133.3,1,1
Elko,31,2,7,293.133.3,1,1
Elko,32,2,107,(h),2,1
Elko,33,2,19,293.133.3,1,1
Elko,34,2,12,293.133.3,1,1
Elko,35,2,7,293.133.3,1,1
Elko,36,2,22,293.133.3,1,1
Elko,37,2,21,293.133.3,1,1
Elko,38,2,112,(h),2,1
Elko,39,2,19,293.133.3,1,1
Elko,40,2,159,(h),3,2
Elko,41,2,168,(h),3,2
Esmeralda,1,4,44,(a),8,4
Esmeralda,2,4,4,293.133.3,1,1
Esmeralda,3,4,51,(a),10,5
Esmeralda,4,4,3,293.133.3,1,1
Esmeralda,5,4,2,293.133.3,1,1
Eureka,1,2,28,(a),5,3
Eureka,2,2,24,(a),4,2
Eureka,3,2,19,(a),3,2
Eureka,4,2,30,(a),6,3
Humboldt,1,2,186,(e),9,5
Humboldt,2,2,204,(e),10,5
Humboldt,3,2,193,(e),10,5
Humboldt,4,2,222,(e),11,6
Humboldt,5,2,194,(e),10,5
Humboldt,6,2,232,(e),12,6
Humboldt,7,2,146,(e),7,4
Humboldt,8,2,17,(e),1,1
Humboldt,9,2,23,(e),1,1
Humboldt,10,2,75,(e),4,2
Humboldt,11,2,21,(e),1,1
Humboldt,12,2,15,(e),1,1
Humboldt,13,2,41,(e),2,1
Humboldt,14,2,113,(e),6,3
Humboldt,15,2,55,(e),3,2
Lander,1,2,90,(b),11,6
Lander,2,2,148,(b),18,9
Lander,3,2,36,(b),4,2
Lander,4,2,81,(b),10,5
Lander,5,2,119,(b),14,7
Lander,6,2,8,(b),1,1
Lander,7,2,17,(b),2,1
Lander,8,2,3,293.133.3,1,1
Lander,9,2,17,(b),2,1
Lincoln,1,4,119,(b),14,7
Lincoln,2,4,216,(b),27,14
Lincoln,3,4,64,(b),8,4
Lincoln,4,4,176,(b),22,11
Lincoln,5,4,5,293.133.3,1,1
Lyon,1,4,168,(h),3,2
Lyon,2,4,177,(h),4,2
Lyon,3,4,215,(h),4,2
Lyon,4,4,110,(h),2,1
Lyon,5,2,21,293.133.3,1,1
Lyon,6,4,364,(h),7,4
Lyon,7,4,136,(h),3,2
Lyon,8,4,56,(h),1,1
Lyon,9,2,333,(h),7,4
Lyon,10,2,61,(h),1,1
Lyon,11,2,252,(h),5,3
Lyon,12,2,193,(h),4,2
Lyon,13,2,336,(h),7,4
Lyon,14,2,404,(h),8,4
Lyon,15,2,293,(h),6,3
Lyon,16,2,353,(h),7,4
Lyon,17,2,205,(h),4,2
Lyon,18,2,120,(h),2,1
Lyon,19,2,175,(h),4,2
Lyon,20,2,70,(h),1,1
Lyon,21,2,286,(h),6,3
Lyon,22,2,94,(h),2,1
Lyon,23,2,227,(h),5,3
Lyon,24,2,184,(h),4,2
Lyon,25,2,222,(h),4,2
Lyon,26,2,142,(h),3,2
Lyon,27,2,318,(h),6,3
Lyon,28,2,145,(h),3,2
Lyon,29,2,119,(h),2,1
Lyon,30,2,230,(h),5,3
Lyon,31,2,183,(h),4,2
Lyon,32,2,303,(h),6,3
Lyon,33,2,468,(h),9,5
Lyon,34,2,56,(h),1,1
Lyon,35,2,98,(h),2,1
Lyon,36,2,83,(h),2,1
Lyon,37,2,226,(h),5,3
Lyon,38,2,302,(h),6,3
Lyon,39,2,308,(h),6,3
Lyon,40,2,241,(h),5,3
Mineral,1,4,110,(d),7,4
Mineral,2,4,109,(d),7,4
Mineral,3,4,75,(d),5,3
Mineral,4,4,67,(d),4,2
Mineral,5,4,87,(d),5,3
Mineral,6,4,107,(d),7,4
Mineral,7,4,38,(d),2,1
Mineral,8,4,13,293.133.3,1,1
Mineral,9,4,21,(d),1,1
Mineral,10,4,0,293.133.3,1,1
Mineral,11,4,227,(d),15,8
Mineral,12,4,39,(d),2,1
Nye,1,4,142,(h),3,2
Nye,2,4,9,293.133.3,1,1
Nye,3,4,33,(h),1,1
Nye,4,4,40,(h),1,1
Nye,5,4,20,293.133.3,1,1
Nye,6,4,155,(h),3,2
Nye,7,4,13,293.133.3,1,1
Nye,8,4,1,293.133.3,1,1
Nye,9,4,511,(h),10,5
Nye,10,4,255,(h),5,3
Nye,11,4,520,(h),10,5
Nye,12,4,75,(h),2,1
Nye,13,4,4,293.133.3,1,1
Nye,14,4,260,(h),5,3
Nye,15,4,24,293.133.3,1,1
Nye,16,4,428,(h),9,5
Nye,17,4,302,(h),6,3
Nye,18,4,20,293.133.3,1,1
Nye,19,4,641,(h),13,7
Nye,20,4,294,(h),6,3
Nye,21,4,501,(h),10,5
Nye,22,4,288,(h),6,3
Nye,23,4,143,(h),3,2
Nye,24,4,334,(h),7,4
Nye,25,4,111,(h),2,1
Nye,26,4,250,(h),5,3
Nye,27,4,329,(h),7,4
Nye,28,4,524,(h),10,5
Nye,29,4,469,(h),9,5
Nye,30,4,337,(h),7,4
Nye,31,4,385,(h),8,4
Nye,32,4,590,(h),12,6
Nye,35,4,55,(h),1,1
Pershing,1,2,177,(b),22,11
Pershing,3,2,141,(b),17,9
Pershing,4,2,108,(b),13,7
Pershing,5,2,23,(b),2,1
Pershing,6,2,67,(b),8,4
Pershing,7,2,52,(b),6,3
Storey,1,2,80,(c),8,4
Storey,2,2,105,(c),10,5
Storey,3,2,3,293.133.3,1,1
Storey,4,2,118,(c),11,6
Storey,5,2,226,(c),22,11
Storey,6,2,236,(c),23,12
Storey,7,2,0,293.133.3,1,1
Storey,8,2,0,293.133.3,1,1
Storey,9,2,0,293.133.3,1,1
Storey,10,2,0,293.133.3,1,1
Storey,11,2,2,293.133.3,1,1
Storey,12,2,0,293.133.3,1,1
Storey,13,2,0,293.133.3,1,1
Storey,14,2,0,293.133.3,1,1
Storey,15,2,0,293.133.3,1,1
Washoe,1005,2,0,293.133.3,1,1
Washoe,1050,2,0,293.133.3,1,1
Washoe,1058,2,0,293.133.3,1,1
Washoe,1061,2,0,293.133.3,1,1
Washoe,2002,2,0,293.133.3,1,1
Washoe,2048,2,0,293.133.3,1,1
Washoe,2051,2,0,293.133.3,1,1
Washoe,2057,2,0,293.133.3,1,1
Washoe,2064,2,0,293.133.3,1,1
Washoe,2074,2,0,293.133.3,1,1
Washoe,2078,2,0,293.133.3,1,1
Washoe,3035,2,0,293.133.3,1,1
Washoe,4018,2,0,293.133.3,1,1
Washoe,4029,2,0,293.133.3,1,1
Washoe,4042,2,0,293.133.3,1,1
Washoe,4051,2,0,293.133.3,1,1
Washoe,4052,2,0,293.133.3,1,1
Washoe,4054,2,0,293.133.3,1,1
Washoe,4055,2,0,293.133.3,1,1
Washoe,4056,2,0,293.133.3,1,1
Washoe,5023,2,0,293.133.3,1,1
Washoe,5049,2,0,293.133.3,1,1
Washoe,5051,2,0,293.133.3,1,1
Washoe,5061,2,0,293.133.3,1,1
Washoe,5065,2,0,293.133.3,1,1
Washoe,6104,2,0,293.133.3,1,1
Washoe,6217,2,0,293.133.3,1,1
Washoe,6218,2,0,293.133.3,1,1
Washoe,6317,2,0,293.133.3,1,1
Washoe,6414,2,0,293.133.3,1,1
Washoe,6427,2,0,293.133.3,1,1
Washoe,6527,2,0,293.133.3,1,1
Washoe,6528,2,0,293.133.3,1,1
Washoe,6529,2,0,293.133.3,1,1
Washoe,6530,2,0,293.133.3,1,1
Washoe,6531,2,0,293.133.3,1,1
Washoe,7546,2,0,293.133.3,1,1
Washoe,7562,2,0,293.133.3,1,1
Washoe,7566,2,0,293.133.3,1,1
Washoe,7574,2,0,293.133.3,1,1
Washoe,7591,2,0,293.133.3,1,1
Washoe,8126,2,0,293.133.3,1,1
Washoe,8259,2,0,293.133.3,1,1
Washoe,8260,2,0,293.133.3,1,1
Washoe,8275,2,0,293.133.3,1,1
Washoe,8291,2,0,293.133.3,1,1
Washoe,8292,2,0,293.133.3,1,1
Washoe,8400,2,0,293.133.3,1,1
Washoe,9101,2,0,293.133.3,1,1
Washoe,9102,2,0,293.133.3,1,1
Washoe,9103,2,0,293.133.3,1,1
Washoe,9106,2,0,293.133.3,1,1
Washoe,9107,2,0,293.133.3,1,1
Washoe,9109,2,0,293.133.3,1,1
Washoe,9115,2,0,293.133.3,1,1
Washoe,9116,2,0,293.133.3,1,1
Washoe,9120,2,0,293.133.3,1,1
Washoe,9121,2,0,293.133.3,1,1
Washoe,9122,2,0,293.133.3,1,1
Washoe,9123,2,0,293.133.3,1,1
Washoe,9124,2,0,293.133.3,1,1
Washoe,9125,2,0,293.133.3,1,1
Washoe,9126,2,0,293.133.3,1,1
Washoe,9127,2,0,293.133.3,1,1
Washoe,9128,2,0,293.133.3,1,1
Washoe,9129,2,0,293.133.3,1,1
Washoe,9130,2,0,293.133.3,1,1
Washoe,9131,2,0,293.133.3,1,1
Washoe,9202,2,0,293.133.3,1,1
Washoe,9207,2,0,293.133.3,1,1
Washoe,9208,2,0,293.133.3,1,1
Washoe,9210,2,0,293.133.3,1,1
Washoe,9211,2,0,293.133.3,1,1
Washoe,9243,2,0,293.133.3,1,1
Washoe,9244,2,0,293.133.3,1,1
Washoe,9248,2,0,293.133.3,1,1
Washoe,9249,2,0,293.133.3,1,1
Washoe,9251,2,0,293.133.3,1,1
Washoe,9252,2,0,293.133.3,1,1
Washoe,9253,2,0,293.133.3,1,1
Washoe,9254,2,0,293.133.3,1,1
Washoe,9303,2,0,293.133.3,1,1
Washoe,9304,2,0,293.133.3,1,1
Washoe,9307,2,0,293.133.3,1,1
Washoe,9308,2,0,293.133.3,1,1
Washoe,9309,2,0,293.133.3,1,1
Washoe,9310,2,0,293.133.3,1,1
Washoe,9311,2,0,293.133.3,1,1
Washoe,9408,2,0,293.133.3,1,1
Washoe,9427,2,0,293.133.3,1,1
Washoe,9428,2,0,293.133.3,1,1
Washoe,9513,2,0,293.133.3,1,1
Washoe,9516,2,0,293.133.3,1,1
Washoe,9520,2,0,293.133.3,1,1
Washoe,9523,2,0,293.133.3,1,1
Washoe,9532,2,0,293.133.3,1,1
Washoe,9533,2,0,293.133.3,1,1
Washoe,9538,2,0,293.133.3,1,1
Washoe,9540,2,0,293.133.3,1,1
Washoe,9541,2,0,293.133.3,1,1
Washoe,9542,2,0,293.133.3,1,1
Washoe,9543,2,0,293.133.3,1,1
Washoe,9546,2,0,293.133.3,1,1
Washoe,9547,2,0,293.133.3,1,1
Washoe,9548,2,0,293.133.3,1,1
Washoe,9549,2,0,293.133.3,1,1
Washoe,9550,2,0,293.133.3,1,1
Washoe,9551,2,0,293.133.3,1,1
Washoe,9552,2,0,293.133.3,1,1
Washoe,9553,2,0,293.133.3,1,1
Washoe,9554,2,0,293.133.3,1,1
Washoe,9555,2,0,293.133.3,1,1
Washoe,9557,2,0,293.133.3,1,1
Washoe,9558,2,0,293.133.3,1,1
Washoe,9559,2,0,293.133.3,1,1
Washoe,9560,2,0,293.133.3,1,1
Washoe,9561,2,0,293.133.3,1,1
Washoe,9562,2,0,293.133.3,1,1
Washoe,100000,2,269,(h),5,3
Washoe,100200,2,464,(h),9,5
Washoe,100300,2,728,(h),15,8
Washoe,100600,2,169,(h),3,2
Washoe,100700,2,448,(h),9,5
Washoe,100800,2,198,(h),4,2
Washoe,101000,2,548,(h),11,6
Washoe,101100,2,668,(h),13,7
Washoe,101200,2,164,(h),3,2
Washoe,101400,2,522,(h),10,5
Washoe,101500,2,35,(h),1,1
Washoe,101600,2,501,(h),10,5
Washoe,101800,2,633,(h),13,7
Washoe,102000,2,457,(h),9,5
Washoe,102200,2,328,(h),7,4
Washoe,102300,2,279,(h),6,3
Washoe,102400,2,503,(h),10,5
Washoe,102600,2,322,(h),6,3
Washoe,102700,2,173,(h),3,2
Washoe,102900,2,556,(h),11,6
Washoe,103100,2,276,(h),6,3
Washoe,103200,2,242,(h),5,3
Washoe,103300,2,459,(h),9,5
Washoe,103500,2,280,(h),6,3
Washoe,103600,2,344,(h),7,4
Washoe,103800,2,220,(h),4,2
Washoe,103900,2,379,(h),8,4
Washoe,104000,2,1,293.133.3,1,1
Washoe,104300,2,430,(h),9,5
Washoe,104400,2,585,(h),12,6
Washoe,104500,2,264,(h),5,3
Washoe,104600,2,62,(h),1,1
Washoe,104700,2,81,(h),2,1
Washoe,105100,2,0,293.133.3,1,1
Washoe,105300,2,185,(h),4,2
Washoe,105500,2,496,(h),10,5
Washoe,105600,2,400,(h),8,4
Washoe,105700,2,644,(h),13,7
Washoe,105900,2,0,293.133.3,1,1
Washoe,200000,2,196,(h),4,2
Washoe,200400,2,504,(h),10,5
Washoe,200600,2,378,(h),8,4
Washoe,200700,2,48,(h),1,1
Washoe,200900,2,218,(h),4,2
Washoe,201000,2,138,(h),3,2
Washoe,201300,2,146,(h),3,2
Washoe,201600,2,176,(h),4,2
Washoe,201700,2,374,(h),7,4
Washoe,201800,2,545,(h),11,6
Washoe,201900,2,497,(h),10,5
Washoe,202000,2,186,(h),4,2
Washoe,202100,2,184,(h),4,2
Washoe,202200,2,158,(h),3,2
Washoe,202300,2,506,(h),10,5
Washoe,202500,2,143,(h),3,2
Washoe,202600,2,179,(h),4,2
Washoe,202700,2,228,(h),5,3
Washoe,202800,2,267,(h),5,3
Washoe,202900,2,287,(h),6,3
Washoe,203000,2,203,(h),4,2
Washoe,203100,2,321,(h),6,3
Washoe,203200,2,453,(h),9,5
Washoe,203300,2,519,(h),10,5
Washoe,203400,2,115,(h),2,1
Washoe,203500,2,252,(h),5,3
Washoe,203600,2,322,(h),6,3
Washoe,203700,2,373,(h),7,4
Washoe,203900,2,294,(h),6,3
Washoe,204000,2,191,(h),4,2
Washoe,204100,2,536,(h),11,6
Washoe,204200,2,443,(h),9,5
Washoe,204300,2,2,293.133.3,1,1
Washoe,204700,2,321,(h),6,3
Washoe,204900,2,565,(h),11,6
Washoe,205000,2,222,(h),4,2
Washoe,205800,2,684,(h),14,7
Washoe,206000,2,91,(h),2,1
Washoe,206200,2,54,(h),1,1
Washoe,206500,2,3,293.133.3,1,1
Washoe,206800,2,307,(h),6,3
Washoe,207000,2,0,293.133.3,1,1
Washoe,207300,2,2,293.133.3,1,1
Washoe,208000,2,390,(h),8,4
Washoe,208100,2,530,(h),11,6
Washoe,300100,2,335,(h),7,4
Washoe,300200,2,1,293.133.3,1,1
Washoe,300300,2,0,293.133.3,1,1
Washoe,300400,2,350,(h),7,4
Washoe,300500,2,55,(h),1,1
Washoe,300600,2,141,(h),3,2
Washoe,300700,2,666,(h),13,7
Washoe,300800,2,292,(h),6,3
Washoe,300900,2,826,(h),17,9
Washoe,301000,2,662,(h),13,7
Washoe,301100,2,229,(h),5,3
Washoe,301200,2,639,(h),13,7
Washoe,301300,2,2,293.133.3,1,1
Washoe,301400,2,45,(h),1,1
Washoe,301500,2,24,293.133.3,1,1
Washoe,301600,2,698,(h),14,7
Washoe,301700,2,575,(h),12,6
Washoe,301800,2,620,(h),12,6
Washoe,301900,2,398,(h),8,4
Washoe,302000,2,335,(h),7,4
Washoe,302100,2,11,293.133.3,1,1
Washoe,302200,2,459,(h),9,5
Washoe,302300,2,303,(h),6,3
Washoe,302400,2,496,(h),10,5
Washoe,302500,2,4,293.133.3,1,1
Washoe,302600,2,603,(h),12,6
Washoe,302700,2,3,293.133.3,1,1
Washoe,302800,2,253,(h),5,3
Washoe,302900,2,141,(h),3,2
Washoe,303000,2,219,(h),4,2
Washoe,303100,2,314,(h),6,3
Washoe,303200,2,296,(h),6,3
Washoe,303600,2,170,(h),3,2
Washoe,303800,2,531,(h),11,6
Washoe,303900,2,0,293.133.3,1,1
Washoe,304000,2,286,(h),6,3
Washoe,400000,2,478,(h),10,5
Washoe,400300,2,278,(h),6,3
Washoe,400500,2,352,(h),7,4
Washoe,400700,2,13,293.133.3,1,1
Washoe,400900,2,239,(h),5,3
Washoe,401200,2,405,(h),8,4
Washoe,401400,2,451,(h),9,5
Washoe,401500,2,0,293.133.3,1,1
Washoe,401600,2,594,(h),12,6
Washoe,401700,2,503,(h),10,5
Washoe,401900,2,427,(h),9,5
Washoe,402000,2,214,(h),4,2
Washoe,402100,2,197,(h),4,2
Washoe,402200,2,48,(h),1,1
Washoe,402300,2,267,(h),5,3
Washoe,402400,2,251,(h),5,3
Washoe,402500,2,320,(h),6,3
Washoe,402600,2,1,293.133.3,1,1
Washoe,403200,2,544,(h),11,6
Washoe,403300,2,454,(h),9,5
Washoe,403500,2,711,(h),14,7
Washoe,403600,2,294,(h),6,3
Washoe,403700,2,464,(h),9,5
Washoe,403800,2,293,(h),6,3
Washoe,403900,2,624,(h),12,6
Washoe,404000,2,0,293.133.3,1,1
Washoe,404100,2,592,(h),12,6
Washoe,404300,2,7,293.133.3,1,1
Washoe,404500,2,399,(h),8,4
Washoe,404600,2,65,(h),1,1
Washoe,404700,2,45,(h),1,1
Washoe,405300,2,863,(h),17,9
Washoe,500000,2,341,(h),7,4
Washoe,500300,2,18,293.133.3,1,1
Washoe,500500,2,834,(h),17,9
Washoe,500600,2,580,(h),12,6
Washoe,500700,2,141,(h),3,2
Washoe,500800,2,327,(h),7,4
Washoe,500900,2,372,(h),7,4
Washoe,501000,2,437,(h),9,5
Washoe,501100,2,377,(h),8,4
Washoe,501200,2,224,(h),4,2
Washoe,501400,2,280,(h),6,3
Washoe,501500,2,254,(h),5,3
Washoe,501600,2,540,(h),11,6
Washoe,501800,2,423,(h),8,4
Washoe,502000,2,239,(h),5,3
Washoe,502200,2,531,(h),11,6
Washoe,502400,2,545,(h),11,6
Washoe,502600,2,561,(h),11,6
Washoe,502700,2,807,(h),16,8
Washoe,503000,2,282,(h),6,3
Washoe,503100,2,261,(h),5,3
Washoe,503200,2,45,(h),1,1
Washoe,503300,2,367,(h),7,4
Washoe,503400,2,370,(h),7,4
Washoe,503500,2,569,(h),11,6
Washoe,503600,2,575,(h),12,6
Washoe,503900,2,14,293.133.3,1,1
Washoe,504000,2,330,(h),7,4
Washoe,504100,2,251,(h),5,3
Washoe,504500,2,529,(h),11,6
Washoe,504600,2,538,(h),11,6
Washoe,504700,2,30,(h),1,1
Washoe,504800,2,14,293.133.3,1,1
Washoe,505300,2,14,293.133.3,1,1
Washoe,505400,2,2,293.133.3,1,1
Washoe,505600,2,669,(h),13,7
Washoe,506200,2,551,(h),11,6
Washoe,506300,2,182,(h),4,2
Washoe,506400,2,461,(h),9,5
Washoe,506600,2,335,(h),7,4
Washoe,610000,2,566,(h),11,6
Washoe,610100,2,162,(h),3,2
Washoe,610500,2,213,(h),4,2
Washoe,610600,2,221,(h),4,2
Washoe,610700,2,75,(h),2,1
Washoe,610800,2,764,(h),15,8
Washoe,610900,2,356,(h),7,4
Washoe,611000,2,446,(h),9,5
Washoe,611100,2,390,(h),8,4
Washoe,611300,2,315,(h),6,3
Washoe,611400,2,627,(h),13,7
Washoe,611500,2,28,(h),1,1
Washoe,620200,2,738,(h),15,8
Washoe,620300,2,289,(h),6,3
Washoe,620500,2,625,(h),13,7
Washoe,620600,2,143,(h),3,2
Washoe,620700,2,2,293.133.3,1,1
Washoe,620800,2,308,(h),6,3
Washoe,620900,2,228,(h),5,3
Washoe,621000,2,432,(h),9,5
Washoe,621100,2,549,(h),11,6
Washoe,621200,2,138,(h),3,2
Washoe,621300,2,317,(h),6,3
Washoe,621400,2,300,(h),6,3
Washoe,621600,2,325,(h),7,4
Washoe,630000,2,360,(h),7,4
Washoe,630100,2,97,(h),2,1
Washoe,630200,2,369,(h),7,4
Washoe,630300,2,25,(h),1,1
Washoe,630600,2,515,(h),10,5
Washoe,630700,2,598,(h),12,6
Washoe,630800,2,415,(h),8,4
Washoe,631000,2,281,(h),6,3
Washoe,631100,2,320,(h),6,3
Washoe,631300,2,431,(h),9,5
Washoe,631400,2,240,(h),5,3
Washoe,631800,2,66,(h),1,1
Washoe,631900,2,320,(h),6,3
Washoe,632000,2,419,(h),8,4
Washoe,640000,2,266,(h),5,3
Washoe,640300,2,477,(h),10,5
Washoe,640500,2,296,(h),6,3
Washoe,641100,2,356,(h),7,4
Washoe,641300,2,392,(h),8,4
Washoe,641500,2,239,(h),5,3
Washoe,641600,2,482,(h),10,5
Washoe,641800,2,402,(h),8,4
Washoe,642200,2,408,(h),8,4
Washoe,642300,2,381,(h),8,4
Washoe,642500,2,621,(h),12,6
Washoe,650000,2,658,(h),13,7
Washoe,650100,2,577,(h),12,6
Washoe,650300,2,4,293.133.3,1,1
Washoe,650800,2,242,(h),5,3
Washoe,651100,2,344,(h),7,4
Washoe,651300,2,372,(h),7,4
Washoe,651400,2,495,(h),10,5
Washoe,651600,2,573,(h),11,6
Washoe,651900,2,489,(h),10,5
Washoe,652000,2,199,(h),4,2
Washoe,652100,2,125,(h),3,2
Washoe,652200,2,161,(h),3,2
Washoe,652300,2,15,293.133.3,1,1
Washoe,652400,2,657,(h),13,7
Washoe,652500,2,47,(h),1,1
Washoe,652600,2,250,(h),5,3
Washoe,710000,2,0,293.133.3,1,1
Washoe,730000,2,137,(h),3,2
Washoe,730200,2,1,293.133.3,1,1
Washoe,730400,2,211,(h),4,2
Washoe,730600,2,45,(h),1,1
Washoe,730700,2,8,293.133.3,1,1
Washoe,730800,2,11,293.133.3,1,1
Washoe,730900,2,4,293.133.3,1,1
Washoe,731200,2,359,(h),7,4
Washoe,731300,2,105,(h),2,1
Washoe,731400,2,345,(h),7,4
Washoe,731500,2,2,293.133.3,1,1
Washoe,731600,2,445,(h),9,5
Washoe,731700,2,1,293.133.3,1,1
Washoe,731800,2,46,(h),1,1
Washoe,731900,2,6,293.133.3,1,1
Washoe,732100,2,0,293.133.3,1,1
Washoe,740000,2,0,293.133.3,1,1
Washoe,740200,2,368,(h),7,4
Washoe,740300,2,0,293.133.3,1,1
Washoe,740400,2,7,293.133.3,1,1
Washoe,740600,2,0,293.133.3,1,1
Washoe,740700,2,270,(h),5,3
Washoe,740800,2,157,(h),3,2
Washoe,741000,2,288,(h),6,3
Washoe,741200,2,261,(h),5,3
Washoe,741300,2,0,293.133.3,1,1
Washoe,741400,2,395,(h),8,4
Washoe,741500,2,416,(h),8,4
Washoe,741600,2,297,(h),6,3
Washoe,741700,2,202,(h),4,2
Washoe,741800,2,323,(h),6,3
Washoe,742400,2,30,(h),1,1
Washoe,742500,2,290,(h),6,3
Washoe,742600,2,10,293.133.3,1,1
Washoe,742800,2,0,293.133.3,1,1
Washoe,743000,2,256,(h),5,3
Washoe,743100,2,15,293.133.3,1,1
Washoe,743300,2,21,293.133.3,1,1
Washoe,750000,2,56,(h),1,1
Washoe,750100,2,143,(h),3,2
Washoe,750200,2,497,(h),10,5
Washoe,750300,2,17,293.133.3,1,1
Washoe,750400,2,535,(h),11,6
Washoe,750500,2,184,(h),4,2
Washoe,750600,2,137,(h),3,2
Washoe,750700,2,82,(h),2,1
Washoe,750800,2,46,(h),1,1
Washoe,750900,2,6,293.133.3,1,1
Washoe,751200,2,23,293.133.3,1,1
Washoe,751300,2,313,(h),6,3
Washoe,751400,2,239,(h),5,3
Washoe,751600,2,9,293.133.3,1,1
Washoe,751700,2,155,(h),3,2
Washoe,751800,2,2,293.133.3,1,1
Washoe,751900,2,135,(h),3,2
Washoe,752000,2,315,(h),6,3
Washoe,752100,2,17,293.133.3,1,1
Washoe,752200,2,38,(h),1,1
Washoe,752300,2,455,(h),9,5
Washoe,752400,2,202,(h),4,2
Washoe,752500,2,439,(h),9,5
Washoe,752600,2,324,(h),6,3
Washoe,752700,2,151,(h),3,2
Washoe,752800,2,3,293.133.3,1,1
Washoe,752900,2,70,(h),1,1
Washoe,753100,2,4,293.133.3,1,1
Washoe,753200,2,321,(h),6,3
Washoe,753300,2,120,(h),2,1
Washoe,753400,2,60,(h),1,1
Washoe,753600,2,380,(h),8,4
Washoe,753700,2,77,(h),2,1
Washoe,753900,2,2,293.133.3,1,1
Washoe,754000,2,88,(h),2,1
Washoe,754100,2,365,(h),7,4
Washoe,754300,2,200,(h),4,2
Washoe,754700,2,8,293.133.3,1,1
Washoe,754800,2,4,293.133.3,1,1
Washoe,754900,2,0,293.133.3,1,1
Washoe,755000,2,7,293.133.3,1,1
Washoe,755200,2,51,(h),1,1
Washoe,755300,2,17,293.133.3,1,1
Washoe,755600,2,2,293.133.3,1,1
Washoe,755700,2,289,(h),6,3
Washoe,755800,2,0,293.133.3,1,1
Washoe,756300,2,13,293.133.3,1,1
Washoe,756500,2,5,293.133.3,1,1
Washoe,756700,2,0,293.133.3,1,1
Washoe,756900,2,5,293.133.3,1,1
Washoe,757000,2,31,(h),1,1
Washoe,757100,2,22,293.133.3,1,1
Washoe,757200,2,6,293.133.3,1,1
Washoe,757300,2,188,(h),4,2
Washoe,757600,2,171,(h),3,2
Washoe,757700,2,114,(h),2,1
Washoe,757800,2,31,(h),1,1
Washoe,757900,2,63,(h),1,1
Washoe,758100,2,147,(h),3,2
Washoe,758200,2,0,293.133.3,1,1
Washoe,758300,2,0,293.133.3,1,1
Washoe,758400,2,2,293.133.3,1,1
Washoe,758500,2,0,293.133.3,1,1
Washoe,758600,2,80,(h),2,1
Washoe,758700,2,2,293.133.3,1,1
Washoe,758800,2,12,293.133.3,1,1
Washoe,758900,2,14,293.133.3,1,1
Washoe,810000,2,294,(h),6,3
Washoe,810100,2,11,293.133.3,1,1
Washoe,810200,2,18,293.133.3,1,1
Washoe,810300,2,195,(h),4,2
Washoe,810400,2,203,(h),4,2
Washoe,810500,2,264,(h),5,3
Washoe,810600,2,293,(h),6,3
Washoe,810700,2,373,(h),7,4
Washoe,810800,2,246,(h),5,3
Washoe,810900,2,328,(h),7,4
Washoe,811000,2,114,(h),2,1
Washoe,811100,2,2,293.133.3,1,1
Washoe,811200,2,28,(h),1,1
Washoe,811400,2,8,293.133.3,1,1
Washoe,811500,2,0,293.133.3,1,1
Washoe,811600,2,391,(h),8,4
Washoe,811700,2,274,(h),5,3
Washoe,811800,2,2,293.133.3,1,1
Washoe,812500,2,1,293.133.3,1,1
Washoe,812700,2,0,293.133.3,1,1
Washoe,812800,2,5,293.133.3,1,1
Washoe,812900,2,17,293.133.3,1,1
Washoe,820000,2,184,(h),4,2
Washoe,820100,2,98,(h),2,1
Washoe,820200,2,419,(h),8,4
Washoe,820300,2,226,(h),5,3
Washoe,820400,2,24,293.133.3,1,1
Washoe,820500,2,283,(h),6,3
Washoe,820600,2,25,(h),1,1
Washoe,820700,2,115,(h),2,1
Washoe,820800,2,84,(h),2,1
Washoe,820900,2,301,(h),6,3
Washoe,821000,2,141,(h),3,2
Washoe,821100,2,12,293.133.3,1,1
Washoe,821200,2,2,293.133.3,1,1
Washoe,821300,2,46,(h),1,1
Washoe,821400,2,33,(h),1,1
Washoe,821600,2,97,(h),2,1
Washoe,821700,2,284,(h),6,3
Washoe,821800,2,2,293.133.3,1,1
Washoe,821900,2,67,(h),1,1
Washoe,822000,2,205,(h),4,2
Washoe,822100,2,183,(h),4,2
Washoe,822200,2,237,(h),5,3
Washoe,822600,2,0,293.133.3,1,1
Washoe,822700,2,6,293.133.3,1,1
Washoe,823200,2,3,293.133.3,1,1
Washoe,823300,2,254,(h),5,3
Washoe,823400,2,37,(h),1,1
Washoe,823500,2,40,(h),1,1
Washoe,823600,2,343,(h),7,4
Washoe,823700,2,92,(h),2,1
Washoe,823800,2,261,(h),5,3
Washoe,824000,2,234,(h),5,3
Washoe,824500,2,131,(h),3,2
Washoe,824700,2,47,(h),1,1
Washoe,825000,2,239,(h),5,3
Washoe,825300,2,122,(h),2,1
Washoe,825400,2,398,(h),8,4
Washoe,825600,2,178,(h),4,2
Washoe,826100,2,3,293.133.3,1,1
Washoe,826300,2,171,(h),3,2
Washoe,826400,2,74,(h),1,1
Washoe,826500,2,3,293.133.3,1,1
Washoe,827100,2,212,(h),4,2
Washoe,827300,2,74,(h),1,1
Washoe,827600,2,10,293.133.3,1,1
Washoe,827700,2,138,(h),3,2
Washoe,829000,2,2,293.133.3,1,1
Washoe,829400,2,0,293.133.3,1,1
Washoe,829700,2,249,(h),5,3
Washoe,850000,2,15,293.133.3,1,1
Washoe,850200,2,34,(h),1,1
Washoe,850500,2,8,293.133.3,1,1
Washoe,970000,2,2,293.133.3,1,1
Washoe,980000,2,25,(h),1,1
White Pine,1,4,157,(d),10,5
White Pine,2,4,136,(d),9,5
White Pine,3,4,159,(d),10,5
White Pine,4,4,173,(d),11,6
White Pine,5,4,214,(d),14,7
White Pine,6,4,167,(d),11,6
White Pine,7,4,47,(d),3,2
White Pine,8,4,42,(d),2,1
White Pine,9,4,63,(d),4,2
White Pine,10,4,41,(d),2,1
